<?xml version="1.0" encoding="UTF-8"?><?xml-stylesheet type='text/xsl' href='_UpgradeReport_Files/UpgradeReport.xslt'?><UpgradeLog>
<Properties><Property Name="Solution" Value="HID PnP Demo">
</Property><Property Name="ソリューション ファイル" Value="C:\Users\gyousei\Documents\Visual Studio 2008\Projects\USB\ASV_TMP\Ver001\HID PnP Demo.sln">
</Property><Property Name="Date" Value="2011年4月26日">
</Property><Property Name="Time" Value="19:02">
</Property></Properties><Event ErrorLevel="0" Project="HID PnP Demo" Source="HID PnP Demo.csproj" Description="プロジェクトは正常に変換されました。">
</Event><Event ErrorLevel="3" Project="HID PnP Demo" Source="HID PnP Demo.csproj" Description="Converted">
</Event><Event ErrorLevel="0" Project="" Source="HID PnP Demo.sln" Description="ソリューションは正常に変換されました">
</Event><Event ErrorLevel="3" Project="" Source="HID PnP Demo.sln" Description="Converted">
</Event><Event ErrorLevel="0" Project="HID PnP Demo" Source="HID PnP Demo.csproj" Description="スキャンが完了しました: プロジェクト ファイルにアップグレードは必要ありません。">
</Event></UpgradeLog>